Cluster,Titles,category,length
0,"['Google Flights - Find Cheap Flight Options & Track Prices', 'Google Flights - Find Cheap Flight Options & Track Prices', 'Google Flights - Find Cheap Flight Options & Track Prices', 'Google Flights - Find Cheap Flight Options & Track Prices', 'Google Flights - Find Cheap Flight Options & Track Prices', 'Google Flights - Find Cheap Flight Options & Track Prices', 'Google Flights - Find Cheap Flight Options & Track Prices', 'Google Flights - Find Cheap Flight Options & Track Prices', 'Google Flights - Find Cheap Flight Options & Track Prices', 'Google Flights - Find Cheap Flight Options & Track Prices', 'Google Flights - Find Cheap Flight Options & Track Prices', 'Google Flights - Find Cheap Flight Options & Track Prices', 'Google Flights - Find Cheap Flight Options & Track Prices', 'Google Flights - Find Cheap Flight Options & Track Prices', 'Google Flights - Find Cheap Flight Options & Track Prices', 'Google Flights - Find Cheap Flight Options & Track Prices', 'Google Flights - Find Cheap Flight Options & Track Prices', 'Google Flights - Find Cheap Flight Options & Track Prices', 'Google Flights - Find Cheap Flight Options & Track Prices', 'Google Flights - Find Cheap Flight Options & Track Prices', 'Google Flights - Find Cheap Flight Options & Track Prices', 'Google Flights - Find Cheap Flight Options & Track Prices', 'Google Flights - Find Cheap Flight Options & Track Prices', 'Google Flights - Find Cheap Flight Options & Track Prices', 'Google Flights - Find Cheap Flight Options & Track Prices', 'Google Flights - Find Cheap Flight Options & Track Prices', 'Google Flights - Find Cheap Flight Options & Track Prices', 'Google Flights - Find Cheap Flight Options & Track Prices', 'Google Flights - Find Cheap Flight Options & Track Prices', 'Google Flights - Find Cheap Flight Options & Track Prices', 'Google Flights - Find Cheap Flight Options & Track Prices', 'Google Flights - Find Cheap Flight Options & Track Prices', 'Google Flights - Find Cheap Flight Options & Track Prices', 'Google Flights - Find Cheap Flight Options & Track Prices', 'Google Flights - Find Cheap Flight Options & Track Prices', 'Google Flights - Find Cheap Flight Options & Track Prices', 'Google Flights - Find Cheap Flight Options & Track Prices', 'Google Flights - Find Cheap Flight Options & Track Prices', 'Google Flights - Find Cheap Flight Options & Track Prices', 'Google Flights - Find Cheap Flight Options & Track Prices', 'Google Flights - Find Cheap Flight Options & Track Prices', 'Google Flights - Find Cheap Flight Options & Track Prices', 'Google Flights - Find Cheap Flight Options & Track Prices', 'Google Flights - Find Cheap Flight Options & Track Prices', 'Google Flights - Find Cheap Flight Options & Track Prices', 'Google Flights - Find Cheap Flight Options & Track Prices', 'Google Flights - Find Cheap Flight Options & Track Prices', 'Google Flights - Find Cheap Flight Options & Track Prices', 'Google Flights - Find Cheap Flight Options & Track Prices', 'Google Flights - Find Cheap Flight Options & Track Prices', 'Google Flights - Find Cheap Flight Options & Track Prices', 'Google Flights - Find Cheap Flight Options & Track Prices', 'Google Flights - Find Cheap Flight Options & Track Prices', 'Google Flights - Find Cheap Flight Options & Track Prices', 'Google Flights - Find Cheap Flight Options & Track Prices', 'Google Flights - Find Cheap Flight Options & Track Prices', 'Google Flights - Find Cheap Flight Options & Track Prices', 'Google Flights - Find Cheap Flight Options & Track Prices', 'Google Flights - Find Cheap Flight Options & Track Prices', 'Google Flights - Find Cheap Flight Options & Track Prices', 'Google Flights - Find Cheap Flight Options & Track Prices', 'Google Flights - Find Cheap Flight Options & Track Prices', 'Google Flights - Find Cheap Flight Options & Track Prices', 'Google Flights - Find Cheap Flight Options & Track Prices', 'Google Flights - Find Cheap Flight Options & Track Prices', 'Google Flights - Find Cheap Flight Options & Track Prices', 'Google Flights - Find Cheap Flight Options & Track Prices', 'Google Flights - Find Cheap Flight Options & Track Prices', 'Google Flights - Find Cheap Flight Options & Track Prices', 'Google Flights - Find Cheap Flight Options & Track Prices', 'Google Flights - Find Cheap Flight Options & Track Prices', 'Google Flights - Find Cheap Flight Options & Track Prices', 'Google Flights - Find Cheap Flight Options & Track Prices', 'Google Flights - Find Cheap Flight Options & Track Prices', 'Google Flights - Find Cheap Flight Options & Track Prices', 'Google Flights - Find Cheap Flight Options & Track Prices', 'Google Flights - Find Cheap Flight Options & Track Prices', 'Google Flights - Find Cheap Flight Options & Track Prices', 'Google Flights - Find Cheap Flight Options & Track Prices', 'Google Flights - Find Cheap Flight Options & Track Prices', 'Google Flights - Find Cheap Flight Options & Track Prices', 'Google Flights - Find Cheap Flight Options & Track Prices', 'Google Flights - Find Cheap Flight Options & Track Prices', 'Google Flights - Find Cheap Flight Options & Track Prices', 'Google Flights - Find Cheap Flight Options & Track Prices', 'Google Flights - Find Cheap Flight Options & Track Prices', 'Google Flights - Find Cheap Flight Options & Track Prices', 'Google Flights - Find Cheap Flight Options & Track Prices', 'Google Flights - Find Cheap Flight Options & Track Prices', 'Google Flights - Find Cheap Flight Options & Track Prices', 'Google Flights - Find Cheap Flight Options & Track Prices', 'Google Flights - Find Cheap Flight Options & Track Prices', 'Google Flights - Find Cheap Flight Options & Track Prices', 'Google Flights - Find Cheap Flight Options & Track Prices', 'Google Flights - Find Cheap Flight Options & Track Prices', 'Google Flights - Find Cheap Flight Options & Track Prices', 'Google Flights - Find Cheap Flight Options & Track Prices', 'Google Flights - Find Cheap Flight Options & Track Prices', 'Google Flights - Find Cheap Flight Options & Track Prices', 'Google Flights - Find Cheap Flight Options & Track Prices', 'Google Flights - Find Cheap Flight Options & Track Prices', 'Google Flights - Find Cheap Flight Options & Track Prices', 'Google Flights - Find Cheap Flight Options & Track Prices', 'Google Flights - Find Cheap Flight Options & Track Prices', 'Google Flights - Find Cheap Flight Options & Track Prices', 'Google Flights - Find Cheap Flight Options & Track Prices', 'Google Flights - Find Cheap Flight Options & Track Prices', 'Google Flights - Find Cheap Flight Options & Track Prices', 'Google Flights - Find Cheap Flight Options & Track Prices', 'Google Flights - Find Cheap Flight Options & Track Prices', 'Google Flights - Find Cheap Flight Options & Track Prices', 'Google Flights - Find Cheap Flight Options & Track Prices', 'Google Flights - Find Cheap Flight Options & Track Prices', 'Google Flights - Find Cheap Flight Options & Track Prices', 'Google Flights - Find Cheap Flight Options & Track Prices', 'Google Flights - Find Cheap Flight Options & Track Prices']",Travel,6
1,"['Tokyo to Malaysia | Explore', 'Tokyo to Malaysia | Explore', 'Tokyo to Malaysia | Explore', 'Tokyo to Malaysia | Explore', 'Tokyo to Malaysia | Explore', 'Tokyo to Malaysia | Explore', 'Tokyo to Malaysia | Explore', 'Tokyo to Malaysia | Explore', 'Tokyo to Maldives | Explore', 'Tokyo to Maldives | Explore', 'Tokyo to Maldives | Explore', 'Tokyo to Maldives | Explore', 'Tokyo to Maldives | Explore', 'Tokyo to Maldives | Explore', 'Tokyo to Maldives | Explore', 'Tokyo to Maldives | Explore', 'Tokyo to Cambodia | Explore', 'Tokyo to Cambodia | Explore', 'Tokyo to Vietnam | Explore', 'Tokyo to China | Explore', 'Tokyo to China | Explore', 'Tokyo to China | Explore', 'Tokyo to China | Explore', 'Tokyo to China | Explore', 'Tokyo to China | Explore', 'Tokyo to China | Explore', 'Tokyo to China | Explore', 'Tokyo to China | Explore', 'Tokyo to China | Explore', 'Tokyo to China | Explore', 'Tokyo to China | Explore', 'Tokyo to China | Explore', 'Tokyo to China | Explore', 'Tokyo to China | Explore', 'Tokyo to China | Explore', 'Tokyo to China | Explore', 'Tokyo to China | Explore', 'Tokyo to China | Explore', 'Tokyo to China | Explore', 'Tokyo to China | Explore', 'Tokyo to China | Explore', 'Tokyo to China | Explore', 'Tokyo to China | Explore', 'Tokyo to China | Explore', 'Tokyo to China | Explore', 'Tokyo to China | Explore', 'Tokyo to China | Explore', 'Tokyo to China | Explore', 'Tokyo to China | Explore', 'Tokyo to China | Explore', 'Tokyo to China | Explore', 'Tokyo to China | Explore', 'Tokyo to China | Explore', 'Tokyo to China | Explore', 'Tokyo to China | Explore', 'Tokyo to China | Explore', 'how to visit great wall of china from beijing - Google Search', 'how to visit great wall of china from beijing - Google Search', 'how to visit great wall of china from beijing - Google Search', 'Tokyo to Malaysia | Explore']","Travel
",7
2,"['Taipei City to San Francisco | Google Flights', 'Taipei City to San Francisco | Google Flights', 'Taipei City to San Francisco | Google Flights', 'Taipei City to San Francisco | Google Flights', 'Taipei City to San Francisco | Google Flights', 'Taipei City to San Francisco | Google Flights', 'Taipei City to San Francisco | Google Flights', 'Taipei City to San Francisco | Google Flights', 'Taipei City to San Francisco | Google Flights', 'San Francisco to Thailand | Explore', 'San Francisco to Thailand | Explore', 'San Francisco to Thailand | Explore', 'San Francisco to Bangkok | Google Flights', 'San Francisco to Bangkok | Google Flights', 'San Francisco to Bangkok | Google Flights', 'Austin to Bangkok | Google Flights', 'Austin to Bangkok | Google Flights', 'Austin to Bangkok | Google Flights', 'San Francisco to Bangkok | Google Flights', 'San Francisco to Bangkok | Google Flights', 'Shire to Bangkok | Google Flights', 'Shire to Bangkok | Google Flights', 'San Jose to Bangkok | Google Flights', 'San Jose to Bangkok | Google Flights', 'San Jose to Bangkok | Google Flights', 'San Jose to Bangkok | Google Flights', 'San Francisco to Bangkok | Google Flights', 'San Francisco to Bangkok | Google Flights', 'San Francisco to Bangkok | Google Flights', 'San Francisco to Bangkok | Google Flights', 'San Francisco to Bangkok | Google Flights', 'San Francisco to Bangkok | Google Flights', 'San Francisco to Bangkok | Google Flights', 'San Francisco to Bangkok | Google Flights', 'San Francisco to Bangkok | Google Flights', 'San Francisco to Bangkok | Google Flights', 'San Francisco to Bangkok | Google Flights', 'San Francisco to Bangkok | Google Flights', 'San Francisco to Bangkok | Google Flights', 'San Francisco to Bangkok | Google Flights', 'San Francisco to Bangkok | Google Flights', 'San Francisco to Bangkok | Google Flights', 'San Francisco to Bangkok | Google Flights', 'San Francisco to Bangkok | Google Flights', 'San Francisco to Bangkok | Google Flights', 'San Francisco to Bangkok | Google Flights', 'Bangkok to San Francisco | Google Flights', 'San Francisco to Bangkok | Google Flights', 'San Francisco to Bangkok | Google Flights', 'San Francisco to Bangkok | Google Flights', 'San Francisco to Bangkok | Google Flights', 'San Francisco to Bangkok | Google Flights', 'San Francisco to Bangkok | Google Flights', 'San Francisco to Bangkok | Google Flights', 'Austin to Bangkok | Google Flights', 'Austin to Bangkok | Google Flights', 'Bangkok to Austin | Google Flights', 'Bangkok to Austin | Google Flights', 'San Francisco to Bangkok | Google Flights', 'San Francisco to Bangkok | Google Flights', 'San Francisco to Bangkok | Google Flights', 'San Francisco to Bangkok | Google Flights', 'San Francisco to New Delhi | Google Flights', 'San Francisco to New Delhi | Google Flights', 'San Francisco to New Delhi | Google Flights', 'San Francisco to Bangkok | Google Flights', 'San Francisco to Bangkok | Google Flights', 'San Francisco to Bangkok | Google Flights', 'Federal Territory of Kuala Lumpur to San Francisco | Google Flights']","Travel
",7
3,"['Gmail', 'Sign in - Google Accounts', 'Sign in - Google Accounts', 'Sign in - Google Accounts', 'Sign in - Google Accounts', 'Sign in - Google Accounts', 'Sign in - Google Accounts', 'Sign in - Google Accounts', 'Sign in - Google Accounts', 'Sign in - Google Accounts', 'Sign in - Google Accounts', 'Sign in - Google Accounts', 'Sign in - Google Accounts', 'Gmail', 'Gmail', 'Sign in - Google Accounts', 'Sign in - Google Accounts', 'Sign in - Google Accounts', 'Sign in - Google Accounts', 'Sign in - Google Accounts', 'Sign in - Google Accounts', 'Sign in - Google Accounts', 'Sign in - Google Accounts', 'Sign in - Google Accounts', 'Sign in - Google Accounts', 'Sign in - Google Accounts', 'Sign in - Google Accounts', 'Sign in - Google Accounts', 'Sign in - Google Accounts', 'Sign in - Google Accounts', 'Sign in - Google Accounts', 'Sign in - Google Accounts', 'Sign in - Google Accounts', 'Sign in - Google Accounts', 'Sign in - Google Accounts', 'Sign in - Google Accounts', 'Sign in - Google Accounts', 'Sign in - Google Accounts', 'Gmail', 'Sign in - Google Accounts', 'Sign in - Google Accounts', 'Sign in - Google Accounts', 'Sign in - Google Accounts', 'Sign in - Google Accounts', 'Sign in - Google Accounts', 'Sign in - Google Accounts', 'Sign in - Google Accounts', 'Sign in - Google Accounts', 'Sign in - Google Accounts', 'Sign in - Google Accounts', 'Sign in - Google Accounts', 'Gmail']","Social Media & Communication
",29
4,"['companies house login - Google Search', 'acquire - Google Search', 'taskrabbit us - Google Search', 'linkedin - Google Search', 'linkedin - Google Search', 'linkedin - Google Search', 'linkedin - Google Search', 'linkedin - Google Search', 'linkedin - Google Search', 'linkedin - Google Search', 'linkedin - Google Search', 'linkedin - Google Search', 'linkedin - Google Search', 'captivate onsen - Google Search', 'virtual pediatrician - Google Search', 'virtual pediatrician - Google Search', 'noredink - Google Search', 'director product management - Google Search', 'director product management - Google Search', 'ragi roti how to make - Google Search', 'ragi roti how to make - Google Search', 'uk postbox - Google Search', 's3 - Google Search', 'Google', 'pinecone db - Google Search', 'facebook android app - Google Search', 'companies house login - Google Search']","Jobs & Careers
",15
5,"['Moment of Science: Hundreds of dinosaur footprints discovered in UK quarry', 'hey Google can you can you go back the dinosaur pictures - Google Search', 'Google can you show me pictures of the real dinosaur chasing the Spinosaurus - Google Search', 'Google can you show me pictures of the real dinosaur chasing the Spinosaurus - Google Search', 'austin museums - Google Search', 'austin museums - Google Search', 'austin museums - Google Search', 'austin museums dinosaur - Google Search', 'austin museums dinosaur - Google Search', 'austin museums dinosaur - Google Search', 'austin museums dinosaur - Google Search', 'austin museums dinosaur - Google Search', 'when did cameroceras live - Google Search', 'File:Carnegie Corythosaurus.jpg - Wikimedia Commons', 'File:Carnegie Corythosaurus.jpg - Wikimedia Commons', 'File:Carnegie Corythosaurus.jpg - Wikimedia Commons', 'dinosaur theme entertainer - Google Search', 'dinosaur theme entertainer east bay - Google Search', 'dinosaur theme entertainer east bay - Google Search', 'dinosaur theme entertainer east bay - Google Search', 'dolphins in sunset beach - Google Search', 'dolphins in sunset beach - Google Search', 'dolphins in sunset beach - Google Search', 'dolphins in sunset beach - Google Search', 'dolphins in sunset beach - Google Search', 'dolphins in sunset beach - Google Search', 'dolphins in sunset beach - Google Search', 'dolphins in sunset beach - Google Search', 'best anniversary surprises bay area - Google Search', 'best anniversary surprises bay area - Google Search', 'best anniversary surprises bay area - Google Search', 'best anniversary surprises bay area - Google Search', 'giant california tyrannosaurus rex - Google Search', 'Moment of Science: Hundreds of dinosaur footprints discovered in UK quarry']","Travel
",7
6,"['Shillong to Kolkata | Google Flights', 'San Francisco to Kolkata | Google Flights', 'San Francisco to Kolkata | Google Flights', 'Kolkata to Tokyo | Google Flights', 'Kolkata to Tokyo | Google Flights', 'Tokyo to Kolkata | Google Flights', 'Tokyo to Kolkata | Google Flights', 'Tokyo to Kolkata | Google Flights', 'Kolkata to Tokyo | Google Flights', 'Kolkata to Tokyo | Google Flights', 'Kolkata to Tokyo | Google Flights', 'Kolkata to Tokyo | Google Flights', 'Kolkata to San Jose | Google Flights', 'Kolkata to Tokyo | Google Flights', 'Kolkata to Tokyo | Google Flights', 'Kolkata to Tokyo | Google Flights', 'Kolkata to Tokyo | Google Flights', 'Kolkata to Tokyo | Google Flights', 'Kolkata to Tokyo | Google Flights', 'Kolkata to Tokyo | Google Flights', 'Kolkata to Tokyo | Google Flights', 'Kolkata to Tokyo | Google Flights', 'Tokyo to Kolkata | Google Flights', 'Tokyo to Kolkata | Google Flights', 'Tokyo to Kolkata | Google Flights', 'Kolkata to Tokyo | Google Flights', 'Kolkata to Tokyo | Google Flights', 'Kolkata to Tokyo | Google Flights', 'Kolkata to Tokyo | Google Flights', 'Kolkata to Tokyo | Google Flights', 'Kolkata to Tokyo | Google Flights', 'Kolkata to Tokyo | Google Flights', 'Kolkata to Tokyo | Google Flights', 'Kolkata to Tokyo | Google Flights', 'Kolkata to Tokyo | Google Flights', 'Trip from Kolkata | Google Flights', 'Kolkata to Tokyo | Google Flights', 'Tokyo to Kolkata | Google Flights', 'Tokyo to Kolkata | Google Flights', 'Kolkata to Tokyo | Google Flights', 'Kolkata to Tokyo | Google Flights', 'Kolkata to Tokyo | Google Flights', 'Kolkata to Tokyo | Google Flights', 'Kolkata to Tokyo | Google Flights', 'Kolkata to Tokyo | Google Flights', 'Kolkata to Tokyo | Google Flights', 'Kolkata to Tokyo | Google Flights', 'Kolkata to Tokyo | Google Flights', 'Kolkata to Tokyo | Google Flights', 'Kolkata to Tokyo | Google Flights', 'Kolkata to Tokyo | Google Flights', 'Kolkata to Tokyo | Google Flights', 'Kolkata to Tokyo | Google Flights', 'Tokyo to Kolkata | Google Flights', 'Tokyo to Kolkata | Google Flights', 'Tokyo to Kolkata | Google Flights', 'Kolkata to Tokyo | Google Flights', 'Kolkata to Tokyo | Google Flights', 'Kolkata to Tokyo | Google Flights', 'Kolkata to Tokyo | Google Flights', 'Kolkata to Tokyo | Google Flights', 'Kolkata to Tokyo | Google Flights', 'Kolkata to Tokyo | Google Flights', 'Tokyo to Kolkata | Google Flights', 'Tokyo to Kolkata | Google Flights', 'Tokyo to Kolkata | Google Flights', 'Kolkata to Tokyo | Google Flights', 'Kolkata to Tokyo | Google Flights', 'Tokyo to Kolkata | Google Flights', 'Tokyo to Kolkata | Google Flights', 'Kolkata to Shillong | Google Flights']",Travel,6
7,"['horse mat 1 inch thick - Google Shopping', 'horse stall mats - Google Search', 'horse stall mats - Google Search', 'horse stall mats - Google Search', 'horse stall mats - Google Search', 'horse stall mats - Google Search', 'horse stall mats - Google Search', 'horse stall mats custom dimensions - Google Search', 'horse stall mats custom dimensions - Google Search', 'horse stall mats custom dimensions - Google Search', 'horse stall mats custom dimensions - Google Search', 'horse stall mats custom dimensions - Google Search', 'horse stall mats custom dimensions - Google Search', 'horse stall mats custom dimensions - Google Search', 'horse stall mats custom dimensions - Google Search', 'how do i cut horse stall mat - Google Search', 'bike mat - Google Search', 'bike mat - Google Search', 'bike mat - Google Search', 'horse stall mats - Google Search']","Shopping
",9
8,"['San Francisco to San José | Google Flights', 'San José to San Francisco | Google Flights', 'Round trip to San José | Google Flights', 'San José to San Francisco | Google Flights', 'San Francisco to San José | Google Flights', 'San Francisco to San José | Google Flights', 'San Francisco to San José | Google Flights', 'San José to San Francisco | Google Flights', 'San Francisco to San José | Google Flights', 'San Francisco to San José | Google Flights', 'San Francisco to San José | Google Flights', 'San Francisco to San José | Google Flights', 'San José to San Francisco | Google Flights', 'San José to San Francisco | Google Flights', 'Round trip to San José | Google Flights', 'San Francisco to Anywhere | Explore', 'San Francisco to Tokyo | Google Flights', 'San Francisco to Tokyo | Google Flights', 'San Francisco to Tokyo | Google Flights', 'San Francisco to Anywhere | Explore', 'San Francisco to Meghalaya | Explore', 'San Francisco to Shillong | Google Flights', 'San Francisco to Tokyo | Google Flights', 'San Francisco to Tokyo | Google Flights', 'Round trip to Tokyo | Google Flights', 'Round trip to Tokyo | Google Flights', 'San Francisco to Japan | Explore', 'San Francisco to Tokyo | Google Flights', 'San Jose to Tokyo | Google Flights', 'San Jose to Tokyo | Google Flights', 'Tokyo to San Jose | Google Flights', 'Round trip to Tokyo | Google Flights', 'Tokyo to San Jose | Google Flights', 'Oakland to Tokyo | Google Flights', 'Oakland to Tokyo | Google Flights', 'San Francisco to Tokyo | Google Flights', 'San Francisco to Tokyo | Google Flights', 'San Francisco to Tokyo | Google Flights', 'San Francisco to Tokyo | Google Flights', 'San Francisco to Tokyo | Google Flights', 'San Francisco to Tokyo | Google Flights', 'San Francisco to Tokyo | Google Flights', 'San Francisco to Tokyo | Google Flights', 'San Francisco to Tokyo | Google Flights', 'San Francisco to Tokyo | Google Flights', 'San Francisco to Tokyo | Google Flights', 'San Francisco to Tokyo | Google Flights', 'San Francisco to Tokyo | Google Flights', 'San Francisco to Tokyo | Google Flights', 'Tokyo to San Francisco | Google Flights', 'Round trip to Tokyo | Google Flights', 'Tokyo to San Francisco | Google Flights', 'Round trip to Tokyo | Google Flights', 'Round trip to Tokyo | Google Flights', 'Tokyo to San Francisco | Google Flights', 'Tokyo to San Francisco | Google Flights', 'Tokyo to San Francisco | Google Flights', 'Tokyo to San Francisco | Google Flights', 'Tokyo to San Francisco | Google Flights', 'San Francisco to Tokyo | Google Flights', 'San Francisco to Tokyo | Google Flights', 'San Francisco to Tokyo | Google Flights', 'San Francisco to Tokyo | Google Flights', 'San Francisco to Tokyo | Google Flights', 'San Francisco to Tokyo | Google Flights', 'San Francisco to Tokyo | Google Flights', 'Tokyo to San Jose | Google Flights', 'Tokyo to San Francisco | Google Flights', 'Tokyo to Oakland | Google Flights', 'Tokyo to Oakland | Google Flights', 'Tokyo to Oakland | Google Flights', 'Tokyo to San Jose | Google Flights', 'Tokyo to San Jose | Google Flights', 'Tokyo to Oakland | Google Flights', 'Tokyo to Oakland | Google Flights', 'Tokyo to San Francisco | Google Flights', 'Tokyo to San Francisco | Google Flights', 'Tokyo to San Francisco | Google Flights', 'Tokyo to San Francisco | Google Flights', 'Beijing to San Francisco | Google Flights', 'Hanoi to San Francisco | Google Flights', 'Hanoi to San Francisco | Google Flights', 'Tokyo to San Jose | Google Flights', 'One way to San Francisco | Google Flights', 'Hanoi to San Francisco | Google Flights', 'going from tokyo to sfo which side of the flight - Google Search', 'going from tokyo to sfo which side of the flight - Google Search', 'going from tokyo to sfo which side of the flight - Google Search', 'Round trip to Tokyo | Google Flights', 'Round trip to Tokyo | Google Flights', 'Round trip to Tokyo | Google Flights', 'Round trip to Tokyo | Google Flights', 'Round trip to Tokyo | Google Flights', 'Round trip to Tokyo | Google Flights', 'Round trip to Tokyo | Google Flights', 'Round trip to Tokyo | Google Flights', 'Round trip to Tokyo | Google Flights', 'Round trip to Tokyo | Google Flights', 'Round trip to Tokyo | Google Flights', 'Oakland based company is now offering zero gravity flights | KTVU FOX 2', 'San Francisco to Austin | Google Flights', 'San Francisco to Anywhere | Explore', 'San Francisco to Anywhere | Explore', 'San Francisco to Anywhere | Explore', 'San Francisco to Asia | Explore', 'San Francisco to Asia | Explore', 'San Francisco to Costa Rica | Explore', 'San Francisco to Costa Rica | Explore', 'San Francisco to San José | Google Flights', 'San Francisco to San José | Google Flights', 'San Francisco to San José | Google Flights', 'San Francisco to San José | Google Flights', 'San Francisco to San José | Google Flights', 'San Francisco to San José | Google Flights', 'Austin to San José | Google Flights', 'Austin to San José | Google Flights', 'Austin to San José | Google Flights', 'San Francisco to Costa Rica | Explore']",Travel,6
9,"['livermore haircut school - Google Search', 'livermore haircut school - Google Search', '0 g experience near me - Google Search', '0 g experience near me - Google Search', '0 g experience near me - Google Search', '0 g experience near me - Google Search', '0 g experience near me - Google Search', '0 g experience near Livermore &#44;  CA - Google Search', '0 g experience near Livermore &#44;  CA - Google Search', '0 g experience near Livermore &#44;  CA - Google Search', '0 g experience near Livermore &#44;  CA - Google Search', '0 g experience near Livermore &#44;  CA - Google Search', '0 g experience near Livermore &#44;  CA - Google Search', 'zero g experience near Livermore &#44;  CA - Google Search', 'zero g experience near Livermore &#44;  CA - Google Search', 'zero g experience near Livermore &#44;  CA - Google Search', 'zero g experience near Livermore &#44;  CA - Google Search', 'zero g experience near Livermore &#44;  CA - Google Search', 'zero g experience near Livermore &#44;  CA - Google Search', 'zero g experience near Livermore &#44;  CA - Google Search', 'director product management near Livermore &#44;  CA - Google Search', 'director product management near Livermore &#44;  CA - Google Search', 'director product management near Livermore &#44;  CA - Google Search', 'director product management near Livermore &#44;  CA - Google Search', 'director product management near Livermore &#44;  CA - Google Search', 'livermore ca business for sale - Google Search', 'livermore ca business for sale - Google Search', 'livermore ca business for sale - Google Search', 'zero gravity experience los angeles - Google Search', 'zero gravity experience los angeles - Google Search', 'zero gravity experience los angeles - Google Search', 'zero gravity experience los angeles affordable - Google Search', 'livermore haircut school - Google Search']","Local Services
",15
10,"['Inner Space Cavern - Google Search', 'Inner Space Cavern - Google Search', 'Inner Space Cavern - Google Search', 'Inner Space Cavern - Google Search', 'Inner Space Cavern - Google Search', 'Inner Space Cavern - Google Search', 'Inner Space Cavern - Google Search', 'Inner Space Cavern - Google Search', 'Inner Space Cavern - Google Search', 'Inner Space Cavern - Google Search', 'Inner Space Cavern - Google Search', 'Inner Space Cavern - Google Search', 'Inner Space Cavern - Google Search', 'Inner Space Cavern - Google Search', 'Inner Space Cavern - Google Search', 'Inner Space Cavern - Google Search', 'Inner Space Cavern - Google Search', 'Inner Space Cavern - Google Search', 'Inner Space Cavern - Google Search', '1516 Cedar Park Dr &#44;  Cedar Park &#44;  TX 78613 to Inner Space Cavern - Google Maps', '1516 Cedar Park Dr &#44;  Cedar Park &#44;  TX 78613 to Inner Space Cavern - Google Maps', '1516 Cedar Park Dr &#44;  Cedar Park &#44;  TX 78613 to Inner Space Cavern - Google Maps', '1516 Cedar Park Dr &#44;  Cedar Park &#44;  TX 78613 to Inner Space Cavern - Google Maps', '1516 Cedar Park Dr &#44;  Cedar Park &#44;  TX 78613 to Inner Space Cavern - Google Maps', 'Inner Space Cavern - Google Search']",Travel,6
11,"['how do i travel to meghalaya - Google Search', 'how do i travel to meghalaya - Google Search', 'weather in meghalaya in march - Google Search', 'bangaldesh hindu issues - Google Search', 'bangaldesh hindu issues - Google Search', 'bangaldesh hindu issues - Google Search', 'instant pot meetha chawal - Google Search', 'instant pot meetha chawal - Google Search', 'playshifu india - Google Search', 'saraswati puja shloka - Google Search', 'saraswati puja shloka - Google Search', 'saraswati puja shloka - Google Search', 'om saraswati mahamaya mantra - Google Search', 'om saraswati mahamaya mantra - Google Search', 'om saraswati mahamaya mantra - Google Search', 'hathor egyptian god - Google Search', 'buy plant pots - Google Search', 'instant pot ghugni - Google Search', 'veo camera - Google Search', 'veo camera - Google Search', 'veo camera - Google Search', 'surat gym for women - Google Search', 'Top Ladies Gym in Surat - Best Womens Gym - Justdial', 'Top Ladies Gym in Surat - Best Womens Gym - Justdial', 'koh phangan school - Google Search', 'koh phangan school - Google Search', 'can rotimatic make jowar or bajra roti - Google Search', 'can rotimatic make jowar or bajra roti - Google Search', 'can rotimatic make jowar or bajra roti - Google Search', 'can rotimatic make ragi or bajra roti - Google Search', 'can rotimatic make jowar or bajra roti - Google Search', 'yakult - Google Search', 'yakult - Google Search', 'yakult - Google Search', 'yakult - Google Search', 'yakult - Google Search', 'yakult - Google Search', 'yakult - Google Search', 'yakult costco - Google Search', 'yakult costco - Google Search', 'dil mera maangti hai kyin - Google Search', 'dil mera mangta hai kyon - Google Search', 'wolken mount japan - Google Search', 'wolken mount japan - Google Search', 'wolken mount japan - Google Search', 'fukuoka forest - Google Search', 'Kiyomizu-dera Temple - Google Search', 'Kiyomizu-dera Temple - Google Search', 'Kiyomizu-dera Temple - Google Search', 'sannenzaka ninenzaka - Google Search', 'sannenzaka ninenzaka - Google Search', 'sannenzaka ninenzaka - Google Search', 'Kiyomizu-dera Temple - Google Search', 'golden temple kyoto - Google Search', 'fushimi jikko kyoto - Google Search', 'hakone to nagoya shinkansen - Google Search', 'hakone to nagoya shinkansen what can you see - Google Search', 'nara big buddha - Google Search', 'nara big buddha - Google Search', 'biggest buddha statue - Google Search', 'biggest buddha statue in the world - Google Search', 'biggest buddha statue in the world - Google Search', 'vibhuti arora 24k massager - Google Search']","Travel
",7
12,"['android studio download mac - Google Search', 'android studio download mac - Google Search', 'android studio download mac - Google Search', 'android studio download mac - Google Search', 'how to turn on developer settings to download local app on a53 galaxy - Google Search', 'how to turn on developer settings to download local app on a53 galaxy - Google Search', 'how to turn on developer settings to download local app on a53 galaxy - Google Search', 'how to turn on developer settings to download local app on a53 galaxy - Google Search', 'how to turn on developer settings to download local app on a53 galaxy - Google Search', 'how to turn on install local apk on a53 galaxy - Google Search', 'how to turn on install local apk on a53 galaxy - Google Search', 'how to turn on install local apk on a53 galaxy - Google Search', 'allow app installations from unknown sources on a53 galaxy - Google Search', 'allow app installations from unknown sources on a53 galaxy - Google Search', 'allow app installations from unknown sources on a53 galaxy - Google Search', 'Learn about restricted settings - Android Help', 'Check & update your Android version - Android Help', 'xiaomi f3 plus - Google Search', 'xiaomi f3 plus - Google Search', 'xiaomi f3 plus - Google Search', 'xiaomi f3 plus - Google Search', 'xiaomi f3 plus hwo to turn on developer mode - Google Search', 'xiaomi f3 plus hwo to turn on developer mode - Google Search', 'xiaomi f3 plus hwo to turn on developer mode - Google Search', 'xiaomi f3 plus hwo to allow local install apps - Google Search', 'xiaomi f3 plus hwo to allow local install apps - Google Search', 'xiaomi f3 plus hwo to allow local install apps - Google Search', 'Xiaomi 12 Pro how to allow local install apps - Google Search', 'Xiaomi 12 Pro how to allow local install apps - Google Search', 'Xiaomi 12 Pro how to allow local install apps - Google Search', 'Xiaomi 12 Pro how to turn on developer mode - Google Search', 'Xiaomi 12 Pro how to turn on developer mode - Google Search', 'Xiaomi 12 Pro how to turn on developer mode - Google Search', 'Xiaomi 12 Pro how to allow local install apps - Google Search', 'Xiaomi 12 Pro how to allow usb debugging - Google Search', 'Xiaomi 12 Pro how to allow usb debugging - Google Search', 'Xiaomi 12 Pro how to allow usb debugging - Google Search', 'Manage your Android device’s location settings - Android Help', 'Learn about restricted settings - Android Help', 'developer console google play - Google Search', 'Google Play Console', 'Google Play Console', 'Google Play Console', 'android studio download mac - Google Search']","Technology
",11
13,"['can i get an mri in japan cost - Google Search', 'can i get an mri in japan cost - Google Search', 'can i get an mri in japan cost - Google Search', 'japan hospital costs for foreigners - Google Search', 'japan hospital costs for foreigners - Google Search', 'japan hospital costs for foreigners - Google Search', 'japan abdominal mri cost vs us - Google Search', 'japan abdominal mri cost vs us - Google Search', 'schedule mri in japan - Google Search', 'schedule mri in japan - Google Search', 'schedule mri in japan - Google Search', 'japan diastasis clinic - Google Search', 'japan diastasis clinic - Google Search', 'schedule mri in japan - Google Search', 'japan temperature in march 2025 - Google Search']","Health
",7
14,"['Kochi to Tokyo | Google Flights', 'Tokyo to Kochi | Google Flights', 'Kochi to Tokyo | Google Flights', 'Kochi to Tokyo | Google Flights', 'Tokyo to Kochi | Google Flights', 'Kochi to Tokyo | Google Flights', 'Kochi to Tokyo | Google Flights', 'Kochi to San Francisco | Google Flights', 'Kochi to Tokyo | Google Flights', 'Kochi to Tokyo | Google Flights', 'Kochi to Tokyo | Google Flights', 'Kochi to Tokyo | Google Flights', 'Kochi to Tokyo | Google Flights', 'Kochi to Tokyo | Google Flights', 'Kochi to Tokyo | Google Flights', 'Kochi to Tokyo | Google Flights', 'Kochi to Tokyo | Google Flights', 'Kochi to Tokyo | Google Flights', 'Kochi to Tokyo | Google Flights', 'Kochi to Tokyo | Google Flights', 'Kochi to Tokyo | Google Flights', 'Kochi to Tokyo | Google Flights', 'Kochi to Tokyo | Google Flights', 'Kochi to Tokyo | Google Flights', 'Kochi to Tokyo | Google Flights', 'Kochi to Tokyo | Google Flights', 'Kochi to Tokyo | Google Flights', 'Kochi to Tokyo | Google Flights', 'Kochi to Tokyo | Google Flights', 'Tokyo to Kochi | Google Flights', 'Kochi to Tokyo | Google Flights', 'Tokyo to Kochi | Google Flights', 'Tokyo to Kochi | Google Flights', 'Kochi to Tokyo | Google Flights', 'Kochi to Tokyo | Google Flights', 'Kochi to Tokyo | Google Flights', 'Kochi to Tokyo | Google Flights', 'Tokyo to Kochi | Google Flights', 'Kochi to Tokyo | Google Flights', 'Kochi to Tokyo | Google Flights', 'Kochi to Tokyo | Google Flights', 'Kochi to Tokyo | Google Flights', 'Kochi to Tokyo | Google Flights', 'Kochi to Tokyo | Google Flights', 'Kochi to Tokyo | Google Flights', 'Tokyo to Kochi | Google Flights', 'Tokyo to Kochi | Google Flights', 'Tokyo to Kochi | Google Flights', 'Tokyo to Kochi | Google Flights', 'Tokyo to Kochi | Google Flights', 'Kochi to Tokyo | Google Flights', 'Kochi to Tokyo | Google Flights', 'Tokyo to Kochi | Google Flights', 'Kochi to Tokyo | Google Flights']",Travel,6
15,"['weather in thailand in march - Google Search', 'whats the average cost of a grocery cart in a week in philippine - Google Search', 'whats the average cost of a grocery cart in a week in philippine - Google Search', 'whats the average cost of a grocery cart in a week in philippine - Google Search', 'us bank holidays - Google Search', 'us bank holidays - Google Search', 'us bank holidays - Google Search', 'bangladesh time current - Google Search', 'bangladesh time current - Google Search', 'bangladesh time current - Google Search', 'india bangladesh relations - Google Search', 'srilankan airlines - Google Search', 'srilankan airlines - Google Search', 'srilankan airlines - Google Search', 'air asia vs malaysia airlines which is better for parents traveling alone in economy - Google Search', 'air asia vs malaysia airlines which is better for parents traveling alone in economy - Google Search', 'air asia vs malaysia airlines which is better for parents traveling alone in economy - Google Search', 'SRILankan airlines CARRY ON BAG WEIGHT LIMIT - Google Search', 'SRILankan airlines CARRY ON BAG WEIGHT LIMIT - Google Search', 'SRILankan airlines CARRY ON BAG WEIGHT LIMIT - Google Search', 'air asia - Google Search', 'air asia - Google Search', 'air asia - Google Search', 'current time philippines - Google Search', 'current time philippines - Google Search', 'current time philippines - Google Search', 'asia monitor lizard - Google Search', 'asia monitor - Google Search', 'asia monitor - Google Search', 'asia monitor - Google Search', 'mdusd 23-24 calendar - Google Search', 'vietnam current time - Google Search', 'vietnam current time - Google Search', 'vietnam current time - Google Search', 'vietnam currency - Google Search', 'vietnam currency - Google Search', 'vietnam currency - Google Search', 'is tiktok banned in bangladesh - Google Search', 'is tiktok banned in vietnam - Google Search', 'is tiktok banned in malaysia - Google Search', 'is tiktok banned in malaysia - Google Search', 'is tiktok banned in malaysia - Google Search', 'is tiktok banned in cambodia - Google Search', 'is tiktok banned in cambodia - Google Search', 'is tiktok banned in cambodia - Google Search', 'vietnam qa - Google Search', 'weather in thailand in march - Google Search']",Travel,6
16,"['Nara Park &#44;  Nara &#44;  Japan to Tsuruma Park - Google Maps', 'Nara Park &#44;  Nara &#44;  Japan to Tsuruma Park - Google Maps', 'Nara Park &#44;  Nara &#44;  Japan to Tsuruma Park - Google Maps', 'Nara Park &#44;  Nara &#44;  Japan to Izu Shaboten Zoo - Google Maps', 'Nara Park &#44;  Nara &#44;  Japan to Izu Shaboten Zoo - Google Maps', 'Nara Park &#44;  Nara &#44;  Japan to Izu Shaboten Zoo - Google Maps', 'Nara Park &#44;  Nara &#44;  Japan to Izu Shaboten Zoo - Google Maps', 'Tokyo &#44;  Japan to Izu Shaboten Zoo - Google Maps', 'Tokyo &#44;  Japan to Izu Shaboten Zoo - Google Maps', 'Tokyo &#44;  Japan to Izu Shaboten Zoo - Google Maps', 'Tokyo &#44;  Japan to Izu Shaboten Zoo - Google Maps', 'Tokyo &#44;  Japan to ivory hills japan - Google Maps', 'Tokyo &#44;  Japan to ivory hills japan - Google Maps', 'ivory hills japan - Google Search', 'ivory hills japan - Google Search', 'ivory hills japan - Google Search', 'ivory hills japan - Google Search', 'Tokyo &#44;  Japan to Yamaguchi &#44;  Japan - Google Maps', 'Tokyo &#44;  Japan to Yamaguchi &#44;  Japan - Google Maps', 'Tokyo &#44;  Japan to Yamaguchi &#44;  Japan - Google Maps', 'Tokyo &#44;  Japan to Yamaguchi &#44;  Japan - Google Maps', 'Tokyo &#44;  Japan to Yamaguchi &#44;  Japan - Google Maps', 'Tokyo &#44;  Japan to Yokohama English Garden - Google Maps', 'Tokyo &#44;  Japan to Yokohama English Garden - Google Maps', 'Tokyo &#44;  Japan to Yokohama English Garden - Google Maps', 'Tokyo &#44;  Japan to Yokohama English Garden - Google Maps', 'Tokyo &#44;  Japan to Yokohama English Garden - Google Maps', 'Tokyo &#44;  Japan to Glass Beach - Google Maps', 'Tokyo &#44;  Japan to Glass Beach - Google Maps', 'Tokyo &#44;  Japan to Fushimi Jikkoku-bune Boats - Google Maps', 'Tokyo &#44;  Japan to Fushimi Jikkoku-bune Boats - Google Maps', 'Tokyo &#44;  Japan to Fushimi Jikkoku-bune Boats - Google Maps', 'Kyoto &#44;  Japan to Fushimi Jikkoku-bune Boats - Google Maps', 'Kyoto &#44;  Japan to Fushimi Jikkoku-bune Boats - Google Maps', 'Kyoto &#44;  Japan to Fushimi Jikkoku-bune Boats - Google Maps', 'Tokyo &#44;  Japan to Fushimi Jikkoku-bune Boats - Google Maps', 'Tokyo &#44;  Japan to Fushimi Jikkoku-bune Boats - Google Maps', 'Tokyo &#44;  Japan to Fushimi Jikkoku-bune Boats - Google Maps', 'Tokyo &#44;  Japan to Fushimi Jikkoku-bune Boats - Google Maps', 'Nara Park &#44;  Nara &#44;  Japan to Tsuruma Park - Google Maps']","Travel
",7
17,"['Chrome Web Store', 'Chrome Web Store', 'Chrome Web Store One Stop Support - Chrome Web Store Help', 'Redirecting', 'Redirecting', 'lush noir how ro apply - Google Search', 'lush noir how ro apply - Google Search', 'americanexpress.com/confirmcard - Google Search', 'Chrome Web Store', 'sellerx - Google Search', 'sellerx - Google Search', 'sellerx - Google Search', 'Laundromat for sale east bay - Google Search', 'Laundromat for sale east bay - Google Search', 'Laundromat for sale east bay - Google Search', 'Laundromat for sale east bay - Google Search', 'Amazon India tacto play shifu electronics - Google Search', 'Amazon India tacto play shifu electronics - Google Search', 'amazon playshifu - Google Search', 'amazon playshifu - Google Search', 'amazon playshifu - Google Search', 'amazon in playshifu - Google Search', 'amazon in playshifu - Google Search', 'amazon in playshifu - Google Search', 'amazon in playshifu - Google Search', 'amazon in playshifu - Google Search', 'amazon in playshifu - Google Search', 'amazon india playshifu - Google Search', 'amazon india playshifu - Google Search', 'amazon india playshifu - Google Search', 'voter registration alameda county - Google Search', 'alameda.courts.ca.go /traffictocket - Google Search', 'alameda.courts.ca.go /traffictocket - Google Search', 'alameda.courts.ca.go /traffictocket - Google Search', 'alameda.courts.ca.go /trafficticket - Google Search', 'alameda.courts.ca.go /trafficticket - Google Search', 'alameda.courts.ca.go /trafficticket - Google Search', 'The Rise of GPT-Native Sales Teams: New Rules for the AI Age', 'frontier customer service number - Google Search', 'The Rise of GPT-Native Sales Teams: New Rules for the AI Age', 'amazon medical one - Google Search', 'amazon medical one - Google Search', 'way.com coupon code - Google Search', 'way.com coupon code - Google Search', 'way.com coupon code - Google Search', 'way.com coupon code - Google Search', 'way.com coupon code sfo - Google Search', 'way.com coupon code sfo - Google Search', 'way.com coupon code sfo - Google Search', 'Chrome Web Store', 'Chrome Web Store', 'netflix subscription - Google Search', 'corberstone on demand jobs - Google Search', 'corberstone on demand jobs - Google Search', 'director product management near California - Google Search', 'director product management near California - Google Search', 'director product management near California - Google Search', 'director product management near California - Google Search', 'director product management near California - Google Search', 'director product management near California - Google Search', 'does minimum wage only apply to hourly employees in california - Google Search', 'what are ec2 spot instances - Google Search']","Shopping
Jobs & Careers
Government & Legal
Entertainment
",57
18,"['Parked Car · Apple Maps', 'Google Maps', 'Google Maps', 'nrt to hnd - Google Maps', 'nrt to hnd - Google Maps', 'nrt to hnd - Google Maps', 'Google Maps', 'Google Maps', 'Google Maps', 'Google Maps', 'texas county map - Google Search', 'texas county map - Google Search', 'texas county map - Google Search', 'texas county map - Google Search', 'texas county map - Google Search', 'Google Maps', 'Google Maps', 'Google Maps', 'Google Maps', 'Google Maps', 'Google Maps', 'Google Maps', 'Google Maps', 'Tsuruma Park - Google Maps', 'Google Maps', 'Google Maps', 'Google Maps', 'Google Maps', 'Google Maps', 'Google Maps', 'Google Maps', 'Google Maps', 'Google Maps', 'Google Maps', 'Google Maps', 'Parked Car · Apple Maps']","Travel
",7
19,"['greek gods and goddesses names - Google Search', 'greek gods and goddesses names - Google Search', 'greek gods and goddesses names - Google Search', 'best vegan cake austin - Google Search', 'best vegan cake austin - Google Search', 'best vegan cake austin - Google Search', 'best vegan cake austin - Google Search', 'best vegan cake austin - Google Search', 'best vegan cake austin - Google Search', 'best vegan cake austin - Google Search', 'best vegan cake austin - Google Search', 'best vegan cake austin - Google Search', 'best vegan cake austin - Google Search', 'best vegan cake austin - Google Search', 'best vegan cake austin - Google Search', 'best vegan cake austin - Google Search', 'best breakfast in dublin pleasanton - Google Search', 'best breakfast in dublin pleasanton - Google Search', 'best breakfast in dublin pleasanton - Google Search', 'best vegetarian breakfast in dublin pleasanton - Google Search', 'best vegetarian breakfast in dublin pleasanton - Google Search', 'vegan michelin Star Bay area - Google Search', 'vegan michelin Star Bay area - Google Search', 'indian michelin star restaurants - Google Search', 'indian michelin star restaurants - Google Search', 'indian michelin star restaurants - Google Search', 'indian michelin star restaurants near San Antonio &#44;  TX - Google Search', 'indian michelin star restaurants near San Antonio &#44;  TX - Google Search', 'indian michelin star restaurants near San Antonio &#44;  TX - Google Search', 'indian michelin star restaurants near San Antonio &#44;  TX - Google Search', 'indian michelin star restaurants bay area - Google Search', 'indian michelin star restaurants bay area - Google Search', 'indian michelin star restaurants bay area - Google Search', 'greek gods and goddesses names - Google Search']","Food & Recipes
",15
20,"['stegosaurus - Google Search', 'stegosaurus - Google Search', 'parasaurolophus - Google Search', 'parasaurolophus - Google Search', 'stegosaurus - Google Search', 'stegosaurus - Google Search', 'stegosaurus - Google Search', 'stegosaurus - Google Search', 'stegosaurus - Google Search', 'stegosaurus - Google Search', 'Stegosaurus weight - Google Search', 'Stegosaurus weight - Google Search', 'Stegosaurus weight - Google Search', 'Stegosaurus weight - Google Search', 'Stegosaurus weight - Google Search', 'Stegosaurus weight - Google Search', 'Stegosaurus weight - Google Search', 'Stegosaurus weight - Google Search', 'asdfmovie stegosaurus - Google Search', 'asdfmovie stegosaurus - Google Search', 'asdfmovie stegosaurus - Google Search', 'asdfmovie stegosaurus - Google Search', 'asdfmovie i am a stegosaurus - Google Search', 'asdfmovie i am a stegosaurus - Google Search', 'asdfmovie i am a stegosaurus - Google Search', 'asdfmovie i am a stegosaurus - Google Search', 'asdfmovie i am a stegosaurus - Google Search', 'asdfmovie i am a stegosaurus - Google Search', 'asdfmovie i am a stegosaurus - Google Search', 'asdfmovie i am a stegosaurus - Google Search', 'asdfmovie i am a stegosaurus - Google Search', 'asdfmovie i am a stegosaurus - Google Search', 'asdfmovie i am a stegosaurus - Google Search', 'asdfmovie i am a stegosaurus - Google Search', 'stegosaurus - Google Search']","Education
",10
21,"['Hydra facialaustin - Google Search', 'Hydra facialaustin - Google Search', 'Hydra facialaustin - Google Search', 'Hydra facialaustin - Google Search', 'nessy - Google Search', 'nessy - Google Search', 'hercules god of - Google Search', 'Olympia significance in greek mythology - Google Search', 'how many eyes did opabinia have - Google Search', 'What did Opabinia evolve into - Google Search', 'how many eyes did opabinia have - Google Search', 'how many eyes did opabinia have - Google Search', 'how many eyes did opabinia have - Google Search', 'how many eyes did opabinia have - Google Search', 'rotimatic - Google Search', 'rotimatic - Google Search', 'rotimatic - Google Search', 'rotimatic - Google Search', 'rotimatic - Google Search', 'rotimatic - Google Search', 'is ritfit a good brand - Google Search', 'is ritfit a good brand - Google Search', 'blinkist - Google Search', 'blinkist - Google Search', 'blinkist - Google Search', 'blinkist - Google Search', 'aichi perfuncture - Google Search', 'amanohashidate - Google Search', 'amanohashidate - Google Search', 'amanohashidate - Google Search', 'amanohashidate - Google Search', 'amanohashidate - Google Search', 'amanohashidate - Google Search', 'amanohashidate - Google Search', 'amanohashidate - Google Search', 'instacart - Google Search', 'Hydra facialaustin - Google Search']","Other
",6
22,"['Mumbai to Tokyo | Google Flights', 'Mumbai to Tokyo | Google Flights', 'Mumbai to Tokyo | Google Flights', 'Mumbai to Tokyo | Google Flights', 'Tokyo to Mumbai | Google Flights', 'Tokyo to Mumbai | Google Flights', 'Tokyo to Mumbai | Google Flights', 'Tokyo to Mumbai | Google Flights', 'Tokyo to Mumbai | Google Flights', 'Tokyo to Mumbai | Google Flights', 'Mumbai to Tokyo | Google Flights', 'Mumbai to Tokyo | Google Flights', 'Mumbai to Tokyo | Google Flights', 'Mumbai to Tokyo | Google Flights', 'Mumbai to Tokyo | Google Flights', 'Tokyo to Mumbai | Google Flights', 'Mumbai to Tokyo | Google Flights', 'Tokyo to Mumbai | Google Flights', 'Mumbai to Tokyo | Google Flights', 'Mumbai to San Francisco | Google Flights', 'Mumbai to San Francisco | Google Flights', 'Mumbai to San Francisco | Google Flights', 'Mumbai to San Francisco | Google Flights', 'Mumbai to San Francisco | Google Flights', 'Mumbai to San Francisco | Google Flights', 'Mumbai to San Francisco | Google Flights', 'Mumbai to San Francisco | Google Flights', 'Mumbai to San Francisco | Google Flights', 'Mumbai to San Francisco | Google Flights', 'Mumbai to San Francisco | Google Flights', 'Mumbai to San Francisco | Google Flights', 'Mumbai to San Francisco | Google Flights', 'Mumbai to San Francisco | Google Flights', 'Mumbai to San Francisco | Google Flights', 'Mumbai to San Francisco | Google Flights', 'Hyderabad to Austin | Google Flights', 'Hyderabad to Austin | Google Flights', 'Mumbai to Austin | Google Flights', 'Mumbai to Austin | Google Flights', 'Mumbai to Austin | Google Flights', 'Mumbai to Austin | Google Flights', 'Mumbai to Austin | Google Flights', 'Mumbai to Austin | Google Flights', 'Mumbai to Austin | Google Flights', 'Mumbai to Austin | Google Flights', 'Mumbai to Austin | Google Flights', 'Mumbai to San Francisco | Google Flights', 'Mumbai to Tokyo | Google Flights']","Travel
",7
23,"['Ashley Altari Queen Sleeper Sofa | Google', 'sofa bed couch - Google Search', 'ikea sofa bed - Google Search', 'ikea sofa bed - Google Search', 'ikea sofa bed - Google Search', 'ikea sofa bed - Google Search', 'ikea sofa bed - Google Search', 'ikea sofa bed - Google Search', 'sofa bed couch - Google Search', 'sofa bed couch - Google Search', 'sofa bed couch - Google Search', 'sleeper sofa queen - Google Search', 'Ashley Altari Queen Sleeper Sofa | Google', 'sleeper sofa queen - Google Search', 'sofa bed couch - Google Search']","Shopping
",9
24,"['milika center - Google Search', 'milika center - Google Search', 'fujiyama twin terrace reviews - Google Maps', 'MIMARU SUITES TOKYO NIHOMBASHI to Starbucks Reserve Roastery Tokyo - Google Maps', 'MIMARU SUITES TOKYO NIHOMBASHI to Starbucks Reserve Roastery Tokyo - Google Maps', 'MIMARU SUITES TOKYO NIHOMBASHI to Starbucks Reserve Roastery Tokyo - Google Maps', 'fujiyama twin terrace reviews - Google Maps', 'fujiyama twin terrace reviews - Google Maps', 'FUJIYAMA Twin Terrace - Google Maps', 'FUJIYAMA Twin Terrace - Google Maps', 'FUJIYAMA Twin Terrace - Google Maps', 'FUJIYAMA Twin Terrace - Google Maps', 'FUJIYAMA Twin Terrace - Google Maps', 'best views of mount fuji from train - Google Search', 'milika center - Google Search']","Travel
",7
25,"['JD Academy of Salon and Spa - Google Search', 'JD Academy of Salon and Spa - Google Search', 'tokyo to nagoya - Google Search', 'mimara tokyo lodging - Google Search', 'mimara tokyo lodging - Google Search', 'tokyo cafe for kids - Google Search', 'tokyo cafe for kids - Google Search', 'tokyo cafe for kids - Google Search', 'tokyo cafe for kids - Google Search', 'tokyo cafe for kids - Google Search', 'tokyo cafe for kids with animals - Google Search', 'tokyo cafe for kids with animals - Google Search', 'tokyo cafe for kids with animals - Google Search', 'sloth cafe japan - Google Search', 'imperial palace tokyo - Google Search', 'rental car kyoto - Google Search', 'rental car kyoto - Google Search', 'rental car kyoto - Google Search', 'The National Museum of Emerging Science and Innovation (Miraikan) - Google Maps', 'starbucks tokyo largest - Google Search', 'The National Museum of Emerging Science and Innovation (Miraikan) to Starbucks Reserve Roastery Tokyo - Google Maps', 'The National Museum of Emerging Science and Innovation (Miraikan) to Starbucks Reserve Roastery Tokyo - Google Maps', 'The National Museum of Emerging Science and Innovation (Miraikan) to Starbucks Reserve Roastery Tokyo - Google Maps', 'The National Museum of Emerging Science and Innovation (Miraikan) to Starbucks Reserve Roastery Tokyo - Google Maps', 'aichi prefecture - Google Search', 'aichi prefecture sakura - Google Search', 'places to visit in osaka - Google Search', 'places to visit in osaka - Google Search', 'places to visit in osaka - Google Search', 'places to visit in osaka - Google Search', 'places to visit in osaka - Google Search', 'places to visit in osaka - Google Search', 'places to visit in osaka - Google Search', 'places to visit in osaka - Google Search', 'places to visit in osaka - Google Search', 'places to visit in osaka - Google Search', 'places to visit in osaka - Google Search', 'places to visit in osaka - Google Search', 'places to visit in osaka - Google Search', 'places to visit in osaka - Google Search', 'places to visit in osaka - Google Search', 'nagoya uniqlo - Google Search', 'nagoya gu - Google Search', 'nagoya castle how long to visit - Google Search', 'JD Academy of Salon and Spa - Google Search']","Travel
",7
26,"['sholder length haircuts for women 40 - Google Search', 'ratchet straps - Google Search', 'ratchet straps - Google Search', 'ratchet straps - Google Search', 'ratchet straps - Google Search', 'ratchet straps - Google Search', 'ratchet straps to secure bed on truck - Google Search', 'ratchet straps to secure bed on truck - Google Search', 'ratchet straps to secure bed on truck - Google Search', 'ratchet straps to secure bed on truck - Google Search', 'ratchet straps to secure bed on truck - Google Search', 'ratchet straps to secure bed on truck - Google Search', 'sholder length haircuts for women 40 - Google Search', 'water based lubricants - Google Search', 'ember mug - Google Search', 'ember mug - Google Search', 'ember mug - Google Search', 'ember mug - Google Search', 'ember mug - Google Search', 'ember mug dishwasher safe - Google Search', 'mug warmer pad - Google Search', 'lori nylon strap - Google Search', 'lori nylon strap - Google Search', 'lori nylon strap - Google Search', 'lori bed nylon strap - Google Search', 'lori bed nylon strap - Google Search', 'sholder length haircuts for women 40 - Google Search']","Shopping
",9
27,"['13230 inr in usd - Google Search', '13230 inr in usd - Google Search', '13230 inr in usd - Google Search', 'cost to take taxi from nrt to hnd - Google Search', 'cost to take taxi from nrt to hnd - Google Search', 'cost to take taxi from nrt to hnd - Google Search', 'bank of america - Google Search', 'bank of america - Google Search', 'bank of america - Google Search', 'amex platinum foreign transaction fee - Google Search', 'can i send money to bangladesh through wise - Google Search', 'can i send money to bangladesh through wise - Google Search', 'can i send money to bangladesh through wise - Google Search', '1200000 inr to usd - Google Search', '1200000 inr to usd - Google Search', '1200000 inr to usd - Google Search', '1200000 inr to usd - Google Search', '1200000 inr to usd - Google Search', '1200000 inr to bangladesh taka - Google Search', '1200000 inr to bangladesh taka - Google Search', '1200000 inr to bangladesh taka - Google Search', 'what is 350 usd in philippine pesos - Google Search', 'what is 350 usd in philippine pesos - Google Search', 'what is 350 usd in philippine pesos - Google Search', '500000 inr to usd - Google Search', '500000 inr to usd - Google Search', '500000 inr to usd - Google Search', '6000 usd to malaysian ringgit - Google Search', '6000 usd to malaysian ringgit - Google Search', '6000 usd to malaysian ringgit - Google Search', 'blinkist pricing plans - Google Search', 'blinkist pricing plans - Google Search', '28 000 000 vietnamese dong to usd - Google Search', '800 * 12 - Google Search', 'uk interest rates - Google Search', 'uk interest rates - Google Search', 'uk interest rates - Google Search', 'uk mortgage rates - Google Search', 'minimum wage california 2025 - Google Search', 'minimum wage california 2025 - Google Search', 'minimum wage california 2025 - Google Search', '2 usd in philippine peso - Google Search']",Finance,7
28,"['private chef service east bay - Google Search', 'beyond meat burger - Google Search', 'sams club beyond burger - Google Search', 'beyond burger - Google Search', 'beyond burger - Google Search', 'beyond burger - Google Search', 'beyond burger - Google Search', 'beyond burger - Google Search', 'beyond burger patties - Google Search', 'beyond burger patties - Google Search', 'frozen beef patties beyond burger - Google Search', 'frozen beef patties beyond burger - Google Search', 'frozen beef patties beyond burger - Google Search', 'beyond burger - Google Search', 'beyond burger - Google Search', 'beyond burger - Google Search', 'private chef service east bay - Google Search']","Shopping
",9
29,"['wolf haircut - Google Search', 'wolf haircut - Google Search', 'wolf haircut - Google Search', 'online curriculum for homeschool - Google Search', 'hermione granger - Google Search', 'hermione granger - Google Search', 'hermione granger - Google Search', 'hermione granger - Google Search', 'hermione granger - Google Search', 'hermione granger - Google Search', 'hermione granger - Google Search', 'hermione granger - Google Search', 'Hogwarts - Google Search', 'Hogwarts - Google Search', 'Hogwarts - Google Search', 'Hogwarts - Google Search', 'Hogwarts - Google Search', 'Hogwarts - Google Search', 'Hogwarts - Google Search', 'Hogwarts - Google Search', 'Hogwarts - Google Search', 'Hogwarts - Google Search', 'Hogwarts - Google Search', 'Hogwarts - Google Search', 'how can i convert a wall into paintable wall - Google Search', 'how can i convert a wall into paintable wall - Google Search', 'how can i convert a wall into paintable wall - Google Search', 'how can i convert a wall into writable wall for kids - Google Search', 'how can i convert a wall into writable wall for kids - Google Search', 'kids suppository - Google Search', 'wolf haircut - Google Search']","Education
",10
30,"['massage training - Google Search', 'indoor 0 g experience gift - Google Search', 'indoor 0 g experience gift - Google Search', 'indoor 0 g experience gift - Google Search', 'indoor 0 g experience gift - Google Search', 'indoor 0 g experience gift - Google Search', 'indoor 0 g experience gift - Google Search', 'Indoor zero gravity experience - Google Search', 'Indoor zero gravity experience - Google Search', 'Indoor zero gravity experience - Google Search', 'Indoor zero gravity experience - Google Search', 'Indoor zero gravity experience - Google Search', 'Indoor zero gravity experience - Google Search', 'anniversary gifts best - Google Search', 'best anniversary surprises - Google Search', 'best anniversary surprises - Google Search', 'best anniversary surprises - Google Search', 'best anniversary surprises - Google Search', 'dog owner gifts for him - Google Search', 'dog owner gifts for him - Google Search', 'dog owner gifts for him - Google Search', 'dog owner gifts for him - Google Search', 'virgin experience gifts - Google Search', 'Los Angeles Experience Gifts for dog owners - Google Search', 'Los Angeles Experience Gifts for dog owners - Google Search', 'Los Angeles Experience Gifts for dog owners - Google Search', 'massage training - Google Search']",Shopping,8
31,"['park birthday dublin reservation - Google Search', 'how much is it to rent out a playground in dublin for a kids birthday party - Google Search', 'how much is it to rent out a playground in dublin for a kids birthday party - Google Search', 'can i get a truck for zipcar - Google Search', 'rent van for a day - Google Search', 'parksfo - Google Search', 'parksfo - Google Search', 'zipair point partner - Google Search', 'zipair point partner - Google Search', 'zipair point partner - Google Search', 'zipair - Google Search', 'zipair - Google Search', 'zipair - Google Search', 'skyscanner - Google Search', 'zipair - Google Search', 'zipair - Google Search', 'zipair - Google Search', 'colombo airport hotel - Google Search', 'marriott bonvoy benefit for flights - Google Search', 'marriott bonvoy benefit for flights - Google Search', 'marriott bonvoy benefit for flights - Google Search', 'rent a truck home depot - Google Search', 'truck rental - Google Search', 'pinecone - Google Search', 'pinecone - Google Search', 'pinecone - Google Search', 'Harlem Globetrotters - Google Search', 'hot air balloon san francisco bay area - Google Search', 'hot air balloon san francisco bay area - Google Search', 'hot air balloon san francisco bay area - Google Search', 'mug warmer pass - Google Search', 'mug warmer pass - Google Search', 'mug warmer pass - Google Search', 'mug warmer pass - Google Search', 'Airbnb’s 43-year-old CEO rejects fellow tech titans’ lack of sleep: It makes ‘every hour the next day a little less productive’', 'home depot workshop kids - Google Search', 'skyhawks - Google Search', 'skyhawks - Google Search', 'skyhawks - Google Search', 'skyhawks tri valley - Google Search', 'skyhawks tri valley - Google Search', 'hands nagoya - Google Search', 'sky diving experience los angeles - Google Search', 'park birthday dublin reservation - Google Search']","Travel
",7
